{
  "postDetail": {
    "1662779063000": {
      "body": "<img src=\"https://d1j8r0kxyu9tj8.cloudfront.net/images/1561522880QGXUGEZbPy6CtAC.jpg\" alt=\"post-image\"/>                     <p>Lorem ipsum dolor sit amet, consectetur adipiscing elit. Etiam eu turpis molestie, dictum est a, mattis tellus. Sed dignissim, metus nec fringilla accumsan, risus sem sollicitudin lacus, ut interdum tellus elit sed risus. Maecenas eget condimentum velit, sit amet feugiat lectus.</p>                     <br/>                     <p>Lorem ipsum dolor sit amet, consectetur adipiscing elit. Etiam eu turpis molestie, dictum est a, mattis tellus. Sed dignissim, metus nec fringilla accumsan, risus sem sollicitudin lacus, ut interdum tellus elit sed risus. Maecenas eget condimentum velit, sit amet feugiat lectus.</p>                     <br/>                     <p>Lorem ipsum dolor sit amet, consectetur adipiscing elit. Etiam eu turpis molestie, dictum est a, mattis tellus. Sed dignissim, metus nec fringilla accumsan, risus sem sollicitudin lacus, ut interdum tellus elit sed risus. Maecenas eget condimentum velit, sit amet feugiat lectus.</p>                     <br/>",
      "description": "Amet minim mollit non deserunt ullamco est sit aliqua dolor do amet sint. Velit officia mollit nonconsequat duis enim velit mollit. Exercita veniam consequat sunt nostrud amet ...",
      "image": "https://www.totaljobs.com/advice/wp-content/uploads/graphic-designer-job-description.jpg",
      "source": "http://www.statholdings.com",
      "tags": {
        "Graphic": true,
        "Lastest": true
      },
      "title": "Tiêu đề test 2"
    },
    "1662779064463": {
      "body": "<img src=\"https://d1j8r0kxyu9tj8.cloudfront.net/images/1561522880QGXUGEZbPy6CtAC.jpg\" alt=\"post-image\"/>                     <p>Lorem ipsum dolor sit amet, consectetur adipiscing elit. Etiam eu turpis molestie, dictum est a, mattis tellus. Sed dignissim, metus nec fringilla accumsan, risus sem sollicitudin lacus, ut interdum tellus elit sed risus. Maecenas eget condimentum velit, sit amet feugiat lectus.</p>                     <br/>                     <p>Lorem ipsum dolor sit amet, consectetur adipiscing elit. Etiam eu turpis molestie, dictum est a, mattis tellus. Sed dignissim, metus nec fringilla accumsan, risus sem sollicitudin lacus, ut interdum tellus elit sed risus. Maecenas eget condimentum velit, sit amet feugiat lectus.</p>                     <br/>                     <p>Lorem ipsum dolor sit amet, consectetur adipiscing elit. Etiam eu turpis molestie, dictum est a, mattis tellus. Sed dignissim, metus nec fringilla accumsan, risus sem sollicitudin lacus, ut interdum tellus elit sed risus. Maecenas eget condimentum velit, sit amet feugiat lectus.</p>                     <br/>",
      "description": "Amet minim mollit non deserunt ullamco est sit aliqua dolor do amet sint. Velit officia mollit nonconsequat duis enim velit mollit. Exercita veniam consequat sunt nostrud amet ...",
      "image": "https://www.totaljobs.com/advice/wp-content/uploads/graphic-designer-job-description.jpg",
      "source": "http://wwww.google.com",
      "tags": {
        "Graphic": true,
        "Lastest": true
      },
      "title": "Tiềm năng phát triển của ngành UI/ UX Design tại Việt Nam"
    }
  },
  "postThumb": {
    "1662779063000": {
      "description": "Amet minim mollit non deserunt ullamco est sit aliqua dolor do amet sint. Velit officia mollit nonconsequat duis enim velit mollit. Exercita veniam consequat sunt nostrud amet ...",
      "image": "https://www.totaljobs.com/advice/wp-content/uploads/graphic-designer-job-description.jpg",
      "tags": {
        "Graphic": true,
        "Lastest": true
      },
      "title": "Tiêu đề test 2"
    },
    "1662779064463": {
      "description": "Amet minim mollit non deserunt ullamco est sit aliqua dolor do amet sint. Velit officia mollit nonconsequat duis enim velit mollit. Exercita veniam consequat sunt nostrud amet ...",
      "image": "https://d3njjcbhbojbot.cloudfront.net/api/utilities/v1/imageproxy/https://coursera-course-photos.s3.amazonaws.com/cb/3c4030d65011e682d8b14e2f0915fa/shutterstock_226881610.jpg?auto=format%2Ccompress&dpr=1",
      "tags": {
        "Lastest": true,
        "UI-UX": true
      },
      "title": "Tiềm năng phát triển của ngành UI/ UX Design tại Việt Nam"
    }
  }
}
